id;name;gender;origin;group
1;Aada;feminine;27;49
2;Aaliyah;feminine;33;173
3;Aalt;feminine;22;39
4;Aaltje;feminine;22;39
5;Aamina;feminine;4;1
6;Aamu;feminine;27;2
7;Aani;feminine;13;201
8;Aaren;feminine;24;91
9;Aata;feminine;27;34
10;Aatu;feminine;27;34
11;Aatukka;feminine;27;34
12;Abaegayle;feminine;24;12
13;Abagael;feminine;24;12
14;Abagail;feminine;24;12
15;Abagale;feminine;24;12
16;Abaigael;feminine;24;12
17;Abaigeal;feminine;24;12
18;Abarrane;feminine;7;23
19;Abbey;feminine;24;12
20;Abbey;feminine;39;12
21;Abbi;feminine;24;12
22;Abbie;feminine;24;12
23;Abbie;feminine;39;12
24;Abbigael;feminine;24;12
25;Abbigail;feminine;24;12
26;Abbigale;feminine;24;12
27;Abbigayle;feminine;24;12
28;Abby;feminine;24;12
29;Abby;feminine;39;12
30;Abbye;feminine;24;12
31;Abbygael;feminine;24;12
32;Abbygail;feminine;24;12
33;Abbygale;feminine;24;12
34;Abedabun;feminine;16;3
35;Abegail;feminine;24;12
36;Abegayle;feminine;24;12
37;Abelia;feminine;44;4
38;Abelie;feminine;41;4
39;Abella;feminine;71;5
40;Abelle;feminine;28;5
41;Abellona;feminine;21;180
42;Abelone;feminine;21;180
43;Abena;feminine;1;6
44;Abeni;feminine;77;7
45;Abequa;feminine;16;8
46;Abeque;feminine;16;8
47;Abha;feminine;34;9
48;Abhilasha;feminine;34;10
49;Abi;feminine;24;16
50;Abia;unisex;24;17
51;Abiageal;feminine;39;12
52;Abiah;unisex;24;17
53;Abichail;unisex;33;18
54;Abida;feminine;4;11
55;Abidah;feminine;4;11
56;Abigael;feminine;21;12
57;Abigael;feminine;55;12
58;Abigail;feminine;24;14
59;Abigail;feminine;24;200
60;Abigale;feminine;24;12
61;Abigall;feminine;24;12
62;Abigayil;feminine;24;14
63;Abigayle;feminine;24;12
64;Abigil;feminine;24;12
65;Abihail;unisex;24;18
66;Abihayil;unisex;33;18
67;Abijah;unisex;24;17
68;Abilene;feminine;24;15
69;Abishag;feminine;24;19
70;Abital;feminine;24;20
71;Abiy;feminine;33;16
72;Abiyah;unisex;33;17
73;Abiyhayil;unisex;33;18
74;Abiyshag;feminine;24;19
75;Abiytal;feminine;33;20
76;Abla;feminine;4;21
77;Ablah;feminine;4;21
78;Aboyo;feminine;48;22
79;Abra;feminine;33;23
80;Abrahamit;feminine;33;23
81;Abrahana;feminine;22;23
82;Abrianna;feminine;24;23
83;Abungu;feminine;48;24
84;Abuto;feminine;48;25
85;Acacallis;feminine;44;153
86;Acacia;feminine;24;26
87;Acantha;feminine;44;157
88;Acca;feminine;44;27
89;Accalia;feminine;44;27
90;Aceline;feminine;28;28
91;Acenath;feminine;23;29
92;Achcauhtli;unisex;52;30
93;Acheflour;feminine;24;31
94;Achieng;feminine;48;212
95;Achillea;feminine;44;32
96;Achima;feminine;30;33
97;Achimah;feminine;30;33
98;Acima;feminine;38;33
99;Acimah;feminine;38;33
100;Acquilina;feminine;44;183
101;Ada;feminine;30;37
102;Ada;feminine;24;39
103;Ada;feminine;33;36
104;Adaeze;feminine;37;35
105;Adah;feminine;33;36
106;Adala;feminine;30;37
107;Aðalbjörg;feminine;36;38
108;Adaleiz;feminine;30;39
109;Adalhaid;feminine;30;39
110;Adalheid;feminine;30;39
111;Adalheidis;feminine;44;39
112;Adalina;feminine;41;50
113;Adalina;feminine;71;50
114;Adalinda;feminine;30;40
115;Adaline;feminine;24;50
116;Adallina;feminine;30;37
117;Adalmar;masculine;30;41
118;Adalwolfa;feminine;30;42
119;Adamina;feminine;65;43
120;Adamine;feminine;64;43
121;Adaminna;feminine;65;43
122;Adanna;feminine;37;44
123;Adannaya;feminine;37;45
124;Adara;feminine;4;56
125;Adara;feminine;33;37
126;Addie;feminine;24;39
127;Addie;unisex;33;58
128;Adi;unisex;33;58
129;Addie;unisex;33;58
130;Addison;unisex;24;46
131;Addy;feminine;24;39
132;Adebowale;unisex;77;47
133;Adede;feminine;48;48
134;Adela;feminine;44;37
135;Adéla;feminine;20;37
136;Adelaida;feminine;71;39
137;Adelaïda;feminine;62;39
138;Adelaide;feminine;24;39
139;Adélaïde;feminine;28;39
140;Adelais;feminine;28;39
141;Adelajda;feminine;58;39
142;Adele;feminine;24;39
143;Adéle;feminine;20;37
144;Adèle;feminine;28;39
145;Adelfa;feminine;31;52
146;Adelheid;feminine;30;39
147;Adelheit;feminine;30;39
148;Adelheyd;feminine;22;39
149;Adelia;feminine;44;37
150;Adelice;feminine;24;39
151;Adelicia;feminine;24;39
152;Adélie;feminine;28;39
153;Adelina;feminine;41;50
154;Adelina;feminine;71;50
155;Adelina;feminine;64;37
156;Adelind;feminine;30;40
157;Adelinda;feminine;30;40
158;Adelinde;feminine;30;40
159;Adeline;feminine;28;50
160;Adelis;feminine;55;39
161;Adelita;feminine;71;37
162;Adelle;feminine;28;50
163;Adelmar;masculine;30;41
164;Adelmira;feminine;71;51
165;Adelonda;feminine;30;40
166;Adelpha;feminine;31;52
167;Adelphe;feminine;28;52
168;Adelphia;feminine;44;52
169;Adelphie;feminine;24;52
170;Adeltrudis;feminine;30;81
171;Adelyna;feminine;24;50
172;Adena;feminine;24;53
173;Adenah;feminine;24;53
174;Adene;feminine;24;53
175;Adeola;feminine;53;54
176;Aderyn;feminine;75;55
177;Adhara;feminine;4;56
178;Adhiambo;feminine;48;213
179;Adhoch;feminine;48;57
180;Adi;unisex;33;58
181;Adilene;feminine;28;50
182;Adina;unisex;24;64
183;Adine;feminine;64;64
184;Adira;feminine;33;60
185;Adison;unisex;24;46
186;Adisson;unisex;24;46
187;Aditi;feminine;34;61
188;Aditi;feminine;34;61
189;Adiva;feminine;33;63
190;Adiyna;unisex;33;64
191;Adjoa;feminine;1;80
192;Admiranda;feminine;24;211
193;Adolpha;feminine;44;65
194;Adona;feminine;41;68
195;Adoncia;feminine;71;66
196;Adongo;feminine;48;67
197;Adonia;feminine;31;68
198;Adora;feminine;71;70
199;Adorabella;feminine;44;69
200;Adorabelle;feminine;44;69
201;Adoracion;feminine;71;70
202;Adoria;feminine;71;70
203;Adorinda;feminine;25;71
204;Adrastea;feminine;44;72
205;Adrasteia;feminine;31;72
206;Adrastia;feminine;44;72
207;Adrastea;feminine;44;72
208;Adrasteia;feminine;31;72
209;Adrastia;feminine;44;72
210;Adrea;feminine;24;74
211;Adreana;feminine;44;74
212;Adreea;feminine;24;74
213;Adria;feminine;24;74
214;Adriana;feminine;44;74
215;Adrianah;feminine;24;74
216;Adriane;feminine;24;74
217;Adrianna;feminine;58;74
218;Adriannah;feminine;24;74
219;Adrianne;feminine;24;74
220;Adrie;feminine;24;74
221;Adriena;feminine;69;74
222;Adrienn;feminine;35;74
223;Adrienne;feminine;28;74
224;Adrijana;feminine;67;74
225;Adrijana;feminine;70;74
226;Adsila;feminine;14;75
227;Adsiltia;feminine;44;76
228;Aduor;feminine;48;77
229;Adva;feminine;5;78
230;Adwar;feminine;48;79
231;Adwoa;feminine;1;80
232;Æðelþryð;feminine;3;81
233;Æglæca;unisex;3;115
234;Æglæca;unisex;3;115
235;Aegle;feminine;44;133
236;Ælfgifu;feminine;3;82
237;Ælflæd;feminine;3;83
238;Ælfled;feminine;3;83
239;Ælfþryð;feminine;3;84
240;Ælfthryth;feminine;3;85
241;Aelgifu;feminine;3;82
242;Aella;feminine;31;86
243;Aella;feminine;44;86
244;Aellae;feminine;44;86
245;Aellai;feminine;31;86
246;Aello;feminine;44;86
247;Aellô;feminine;31;86
248;Æmilia;feminine;44;87
249;Aeron;unisex;75;121
250;Aerona;feminine;75;121
251;Aeronwen;feminine;75;88
252;Aeronwy;feminine;75;89
253;Aeronwy;feminine;75;89
254;Aeryn;feminine;24;193
255;Aerynn;feminine;24;193
256;Aesha;feminine;4;146
257;Aeshah;feminine;4;146
258;Æthel;feminine;3;92
259;Æthelflæd;feminine;3;93
260;Aethelfled;feminine;3;93
261;Æthelfleda;feminine;3;93
262;Æthelgyth;feminine;3;94
263;Æthelinda;feminine;3;95
264;Æthelthryth;feminine;3;81
265;Æthelu;feminine;3;92
266;Afaf;feminine;4;96
267;Afanasiia;feminine;62;97
268;Afanen;feminine;75;98
269;Aferdita;feminine;2;99
270;Affra;unisex;33;101
271;Affra;unisex;33;101
272;Afia;feminine;1;104
273;Afon;unisex;75;100
274;Afra;unisex;33;101
275;Afra;unisex;33;101
276;Afrikaisi;feminine;23;103
277;Afua;feminine;1;104
278;Agace;feminine;28;109
279;Agafia;feminine;62;109
280;Agafiia;feminine;62;109
281;Agafya;feminine;62;109
282;Agak;feminine;48;105
283;Agana;feminine;13;106
284;Agape;feminine;31;107
285;Agas;feminine;24;109
286;Agata;feminine;30;109
287;Agata;feminine;72;109
288;Agata;feminine;70;109
289;Agata;feminine;41;109
290;Agata;feminine;71;109
291;Agáta;feminine;20;109
292;Agate;feminine;28;108
293;Agatha;feminine;44;109
294;Agathe;feminine;31;109
295;Agaue;feminine;31;110
296;Agave;feminine;31;110
297;Agda;feminine;72;109
298;Aggi;feminine;24;202
299;Aggi;feminine;24;109
300;Aggie;feminine;24;202
301;Aggie;feminine;44;109
302;Aggy;feminine;24;202
303;Aggy;feminine;24;109
304;Aggye;feminine;24;202
305;Aggye;feminine;24;109
306;Aghadreena;feminine;39;111
307;Aghamora;feminine;39;112
308;Aghaveagh;feminine;39;113
309;Aghavni;feminine;6;114
310;Aghna;feminine;39;202
311;Ági;feminine;35;109
312;Ági;feminine;35;202
313;Aglaë;feminine;28;117
314;Aglaea;feminine;44;117
315;Aglæca;feminine;3;115
316;Aglæca;feminine;3;115
317;Aglaia;feminine;31;117
318;Aglaie;feminine;31;117
319;Aglaii;feminine;62;117
320;Aglaja;feminine;30;117
321;Aglaya;feminine;62;117
322;Aglea;feminine;44;117
323;Agna;feminine;30;202
324;Agné;feminine;46;202
325;Agnes;feminine;24;202
326;Agnès;feminine;28;202
327;Ágnes;feminine;35;202
328;Agnese;feminine;41;202
329;Agnese;feminine;45;202
330;Agnessa;feminine;62;202
331;Agnesse;feminine;62;202
332;Agneta;feminine;21;202
333;Agneta;feminine;72;202
334;Agneth;feminine;30;202
335;Agnetha;feminine;64;202
336;Agnethe;feminine;30;202
337;Agnetta;feminine;72;202
338;Agnieszka;feminine;58;202
339;Agnus;feminine;24;202
340;Agostina;feminine;41;118
341;Agot;feminine;48;119
342;Ågot;feminine;55;109
343;Agota;feminine;71;109
344;Ágota;feminine;35;109
345;Agrafena;feminine;62;120
346;Agrafina;feminine;62;120
347;Agripena;feminine;62;120
348;Agripina;feminine;62;120
349;Agrippa;feminine;62;120
350;Agrippina;feminine;62;120
351;Agrippine;feminine;62;120
352;Agrona;feminine;12;121
353;Agueda;feminine;71;109
354;A-Gun;feminine;73;122
355;Agurne;feminine;7;123
356;Agwang;feminine;48;124
357;Ahava;feminine;33;125
358;Ahsan;unisex;34;192
359;Ahuiliztli;unisex;52;126
360;Ahuva;feminine;33;127
361;Ai;feminine;15;128
362;Ai;feminine;15;128
363;Ai;feminine;43;128
364;Ai;feminine;43;128
365;Aiah;unisex;24;186
366;Aibhilín;feminine;29;185
367;Aida;feminine;4;132
368;Aidah;feminine;4;132
369;A'Idah;feminine;4;132
370;Aideen;feminine;24;197
371;Aidith;feminine;24;190
372;Aiesha;feminine;4;146
373;Aigla;feminine;44;133
374;Aigle;feminine;31;133
375;Aigneis;feminine;20;202
376;Aignéis;feminine;40;202
377;Aika;feminine;43;134
378;Aikaterina;feminine;31;135
379;Aikaterine;feminine;31;135
380;Aiko;feminine;43;136
381;Aila;feminine;24;185
382;Ailbhe;unisex;40;137
383;Aileas;feminine;66;39
384;Ailee;feminine;24;185
385;Aileen;feminine;65;185
386;Ailen;feminine;50;187
387;Ailen;feminine;50;187
388;Ailene;feminine;24;185
389;Ailey;feminine;24;185
390;Ailie;feminine;24;185
391;Ailish;feminine;40;39
392;Ailith;feminine;24;94
393;Ailith;feminine;66;174
394;Ailsa;feminine;24;196
395;Ailse;feminine;24;196
396;Ailsie;feminine;24;196
397;Aimée;feminine;28;138
398;Aimey;feminine;28;138
399;Aimi;feminine;43;139
400;Aimie;feminine;28;138
401;Aina;feminine;53;140
402;Aina;feminine;71;189
403;Aina;feminine;27;142
404;Áine;feminine;39;141
405;Aineki;feminine;32;202
406;Aingeal;feminine;40;177
407;Aino;feminine;27;142
408;Ainsley;unisex;65;143
409;Ainslie;unisex;65;143
410;Aintza;feminine;7;144
411;Aintzane;feminine;7;144
412;Airla;feminine;24;145
413;Airlea;feminine;24;145
414;Airlia;feminine;24;145
415;Aisha;feminine;4;146
416;Aishah;feminine;4;146
417;Aishe;feminine;60;146
418;Aishwarya;feminine;34;147
419;Aisia;feminine;4;146
420;Aisiah;feminine;4;146
421;Aislin;feminine;40;148
422;Aisling;feminine;40;148
423;Aislinn;feminine;40;148
424;Aithbhreac;feminine;66;149
425;Aithne;feminine;40;194
426;Aithnea;feminine;40;194
427;Ajambo;feminine;48;150
428;Ajiambo;feminine;63;151
429;Ajuoga;feminine;48;152
430;Akakallis;feminine;31;153
431;Akana;feminine;23;154
432;Akane;feminine;43;155
433;Akanksha;unisex;34;156
434;Akantha;feminine;31;157
435;Akela;feminine;32;92
436;Akeldama;feminine;31;158
437;Akello;feminine;48;159
438;Akemi;feminine;43;160
439;Akeneki;feminine;32;202
440;Aketch;feminine;48;161
441;Aki;unisex;43;162
442;Aki;unisex;43;162
443;Aki;unisex;43;162
444;Akiko;feminine;43;162
445;Akiko;feminine;43;162
446;Akiko;feminine;43;162
447;Akilah;feminine;4;181
448;Akilina;feminine;44;182
449;Akinyi;feminine;48;168
450;Akira;unisex;43;169
451;Akira;unisex;43;169
452;Akka;feminine;27;214
453;Akoko;feminine;48;171
454;Akosua;feminine;1;172
455;Aksinya;feminine;62;208
456;Aksinya;feminine;62;208
457;Alais;feminine;28;39
458;Alease;feminine;24;39
459;Aleen;feminine;24;185
460;Aleesha;feminine;24;39
461;Aleid;feminine;22;39
462;Aleida;feminine;22;39
463;Aleit;feminine;30;39
464;Alene;feminine;24;185
465;Alesha;feminine;24;39
466;Aleydis;feminine;22;39
467;Alica;feminine;69;39
468;Alice;feminine;24;39
469;Alicia;feminine;71;39
470;Alicja;feminine;58;39
471;Alida;feminine;22;39
472;Alida;feminine;35;39
473;Aline;feminine;24;185
474;Alis;feminine;24;39
475;Alis;feminine;75;39
476;Alisa;feminine;62;39
477;Alisa;feminine;71;39
478;Alisa;feminine;24;39
479;Alise;feminine;45;39
480;Alisha;feminine;24;39
481;Alishia;feminine;24;39
482;Alisia;feminine;24;39
483;Alison;feminine;75;39
484;Alison;feminine;28;39
485;Alissa;feminine;24;39
486;Alisya;feminine;24;39
487;Aliz;feminine;35;39
488;Alize;feminine;7;39
489;Alke;feminine;30;39
490;Alleen;feminine;24;185
491;Allene;feminine;24;185
492;Allie;feminine;65;39
493;Alline;feminine;24;185
494;Allison;feminine;24;39
495;Allissa;feminine;24;39
496;Ally;feminine;65;39
497;Allycia;feminine;24;39
498;Allyson;feminine;24;39
499;Alyce;feminine;24;39
500;Alycia;feminine;24;39
501;Alyd;feminine;22;39
502;Alys;feminine;24;39
503;Alysa;feminine;24;39
504;Alyse;feminine;24;39
505;Alysha;feminine;24;39
506;Alysia;feminine;24;39
507;Alyson;feminine;24;39
508;Alyssa;feminine;24;39
509;Alyssia;feminine;24;39
510;Alžbeta;feminine;69;196
511;Alžběta;feminine;20;196
512;Amey;feminine;28;138
513;Ami;feminine;28;138
514;Amie;feminine;28;138
515;Amy;feminine;28;138
516;Ana;feminine;10;189
517;Ana;feminine;67;189
518;Ana;feminine;59;189
519;Ana;feminine;71;189
520;Anaïs;feminine;28;189
521;Anca;feminine;61;189
522;Andel;unisex;20;177
523;Andela;feminine;20;177
524;Andjela;feminine;67;177
525;Ane;feminine;21;189
526;Ane;feminine;55;189
527;Anesa;feminine;21;202
528;Aneta;feminine;20;189
529;Aneta;feminine;24;189
530;Anetta;feminine;24;189
531;Anette;feminine;28;189
532;Anežka;feminine;20;202
533;Ange;feminine;24;177
534;Angel;unisex;24;177
535;Angela;feminine;44;177
536;Ángela;feminine;71;177
537;Angèle;feminine;28;177
538;Angelia;feminine;44;177
539;Angelica;feminine;41;175
540;Angélica;feminine;71;177
541;Angelien;feminine;22;177
542;Angelika;feminine;30;175
543;Angelika;feminine;58;175
544;Angelina;feminine;44;176
545;Angeline;feminine;28;176
546;Angelique;feminine;28;175
547;Ángelita;feminine;71;176
548;Angell;feminine;24;177
549;Angelle;feminine;24;177
550;Angellina;feminine;24;176
551;Angelu;feminine;7;177
552;Angie;feminine;24;177
553;Angiola;feminine;41;177
554;Angioletta;feminine;41;176
555;Angyalka;feminine;35;175
556;Ania;feminine;58;189
557;Ania;feminine;62;189
558;Anica;feminine;70;189
559;Aniela;feminine;58;177
560;Anika;feminine;72;189
561;Anikó;feminine;35;189
562;Anina;feminine;21;189
563;Anina;feminine;30;189
564;Anita;feminine;71;189
565;Anitra;feminine;24;189
566;Anitra;feminine;64;189
567;Anja;feminine;62;189
568;Anjela;feminine;8;177
569;Anjelica;feminine;41;175
570;Anjelika;feminine;8;175
571;Anka;feminine;58;189
572;Anke;feminine;30;189
573;Ann;feminine;28;189
574;Anna;feminine;44;189
575;Annabella;feminine;24;178
576;Annabelle;feminine;24;178
577;Annag;feminine;66;189
578;Annalee;feminine;24;179
579;Anne;feminine;28;189
580;Anneka;feminine;72;189
581;Anneke;feminine;30;189
582;Anneken;feminine;30;189
583;Anneli;feminine;27;189
584;Annetta;feminine;41;189
585;Annette;feminine;28;189
586;Anngela;feminine;24;177
587;Anni;feminine;64;189
588;Anni;feminine;27;189
589;Annice;feminine;24;202
590;Annick;feminine;9;189
591;Annie;feminine;24;189
592;Anniina;feminine;27;189
593;Annika;feminine;72;189
594;Anniken;feminine;30;189
595;Annikin;feminine;30;189
596;Annikki;feminine;27;189
597;Annina;feminine;21;189
598;Annis;feminine;24;202
599;Annis;feminine;65;202
600;Annita;feminine;24;189
601;Annitra;feminine;24;189
602;Annitta;feminine;24;189
603;Annjela;feminine;8;177
604;Annukka;feminine;27;189
605;Annushka;feminine;62;189
606;Annuska;feminine;35;189
607;Anouk;feminine;28;189
608;Anouska;feminine;28;189
609;Ans;feminine;22;189
610;Antje;feminine;30;189
611;Anu;feminine;26;189
612;Anu;feminine;27;189
613;Anushka;feminine;62;189
614;Anya;feminine;62;189
615;Anzhela;feminine;62;177
616;Anzhelina;feminine;62;177
617;Apollonia;feminine;31;180
618;Aqila;feminine;4;181
619;Aquilina;feminine;44;182
620;Ariel;unisex;33;184
621;Ari'El;unisex;33;184
622;Arisu;feminine;43;39
623;Aune;feminine;27;202
624;Avalina;feminine;24;185
625;Avaline;feminine;24;185
626;Avelina;feminine;44;185
627;Aveline;feminine;28;185
628;Avi;feminine;33;16
629;Avichayil;unisex;33;18
630;Avigayil;feminine;33;14
631;Avila;feminine;24;185
632;Avra;feminine;33;23
633;Avrahamit;feminine;33;23
634;Aya;unisex;24;186
635;Ayah;unisex;24;186
636;Aylen;feminine;50;187
637;Aylen;feminine;50;187
638;Chana;feminine;33;189
639;Chanah;feminine;33;189
640;Chani;feminine;33;189
641;Channah;feminine;33;189
642;Eadgyð;feminine;24;190
643;Eadgyth;feminine;24;190
644;Ealasaid;feminine;66;196
645;Ealisaid;feminine;49;196
646;Edelmira;feminine;71;41
647;Edit;feminine;35;190
648;Edita;feminine;20;190
649;Edita;feminine;46;190
650;Edite;feminine;59;190
651;Edith;feminine;24;190
652;Édith;feminine;28;190
653;Edithe;feminine;24;190
654;Edna;feminine;24;194
655;Edna;feminine;33;191
656;Ehsan;unisex;56;192
657;Éirinn;feminine;40;193
658;Eithne;feminine;40;194
659;Eliisa;feminine;27;196
660;Eliisabet;feminine;26;196
661;Elikapeka;feminine;32;196
662;Elisa;feminine;30;196
663;Elisabet;feminine;31;196
664;Elisabet;feminine;64;196
665;Elisabeta;feminine;62;196
666;Elisabete;feminine;59;196
667;Elisabeth;feminine;24;196
668;Elisabeth;feminine;30;196
669;Élisabeth;feminine;28;196
670;Elisabetta;feminine;41;196
671;Elisavet;feminine;31;196
672;Elisaveta;feminine;10;196
673;Elise;feminine;30;196
674;Élise;feminine;28;196
675;Elishat;feminine;57;195
676;Elisheba;feminine;33;196
677;Elisheva;feminine;33;196
678;Elissa;feminine;30;196
679;Elissa;feminine;31;195
680;Elita;feminine;20;196
681;Elixabete;feminine;10;196
682;Eliysheba;feminine;33;196
683;Eliza;feminine;24;196
684;Elizabeta;feminine;70;196
685;Elizabeth;feminine;24;196
686;Elizaveta;feminine;62;196
687;Elsa;feminine;30;196
688;Elsabeth;feminine;30;196
689;Else;feminine;30;196
690;Elsie;feminine;30;196
691;Elspet;feminine;66;196
692;Elspeth;feminine;66;196
693;Elspie;feminine;66;196
694;Elyse;feminine;24;196
695;Elyzabeth;feminine;24;196
696;Elżbieta;feminine;58;196
697;Ena;feminine;24;194
698;Enya;feminine;24;194
699;Étaín;feminine;40;197
700;Ethna;feminine;24;194
701;Ethne;feminine;24;194
702;Etna;feminine;24;194
703;Etna;feminine;33;198
704;Ganix;masculine;7;217
705;Genette;feminine;24;217
706;Ghjuvan;masculine;18;217
707;Gianna;feminine;41;217
708;Gianni;masculine;41;217
709;Giannino;masculine;41;217
710;Giovanna;feminine;41;217
711;Giovannetta;feminine;41;217
712;Giovanni;masculine;41;217
713;Gjon;masculine;2;217
714;Gobinet;feminine;39;200
715;Gobnait;feminine;39;200
716;Gobnata;feminine;39;200
717;Gobnet;feminine;39;200
718;Ha'Ane;feminine;13;201
719;Ha'Ani;feminine;13;201
720;Hagne;feminine;31;202
721;Han;masculine;30;217
722;Hana;feminine;4;203
723;Hana;feminine;43;204
724;Hana;feminine;43;204
725;Hana;feminine;20;217
726;Hana;feminine;33;189
727;Hanaa;feminine;4;203
728;Hanke;masculine;30;217
729;Hanna;feminine;24;189
730;Hanna;feminine;31;189
731;Hanna;feminine;44;217
732;Hanna;feminine;27;189
733;Hannah;feminine;24;189
734;Hanne;feminine;20;217
735;Hannes;masculine;22;217
736;Hannie;feminine;24;189
737;Hannu;masculine;27;217
738;Hanny;feminine;24;189
739;Hans;masculine;30;217
740;Hanzi;masculine;60;217
741;Hasse;masculine;72;217
742;Honza;masculine;20;217
743;Hovan;masculine;6;217
744;Hoven;masculine;6;217
745;Hovhannes;masculine;6;217
746;Iain;masculine;66;217
747;Ian;masculine;66;217
748;Ianto;masculine;75;217
749;Iefan;masculine;75;217
750;Ieuan;masculine;75;217
751;Ifan;masculine;75;217
752;Ioan;masculine;61;217
753;Ioan;masculine;75;217
754;Ioana;feminine;61;217
755;Ioanela;feminine;61;217
756;Ioann;masculine;62;217
757;Ioanna ;feminine;31;217
758;Ioannes;masculine;31;217
759;Ioannis;masculine;31;217
760;Iohannes;masculine;44;217
761;Ion;masculine;7;217
762;Ion;masculine;61;217
763;Ion;masculine;60;217
764;Ionel;masculine;61;217
765;Ionela;feminine;61;217
766;Ionut;masculine;61;217
767;Iovannis;masculine;44;217
768;Iva;feminine;10;217
769;Iva;feminine;24;206
770;Iva;feminine;31;199
771;Ivah;feminine;24;206
772;Ivan;masculine;62;217
773;Ivan;masculine;20;217
774;Ivan;masculine;74;217
775;Ivan;masculine;24;217
776;Ivana;feminine;62;217
777;Ivanka;feminine;10;217
778;Ivann;masculine;62;217
779;Ivanna;feminine;74;217
780;Iwan;masculine;58;217
781;Iwan;masculine;75;217
782;Jaan;masculine;26;217
783;Jack;masculine;24;217
784;Jackie;masculine;24;217
785;Jake;masculine;24;217
786;Jan;masculine;24;217
787;Jan;masculine;30;217
788;Ján;masculine;20;217
789;Ján;masculine;69;217
790;Jana;feminine;44;217
791;Jana;feminine;36;217
792;Janae;feminine;44;217
793;Jancis;feminine;24;217
794;Jancsi;masculine;35;217
795;Jane;feminine;24;217
796;Janek;masculine;68;217
797;Janeka;feminine;27;217
798;Janel;feminine;24;217
799;Janele;feminine;24;217
800;Janella;feminine;24;217
801;Janelle;feminine;24;217
802;Janene;feminine;24;217
803;Janessa;feminine;24;217
804;Janet;feminine;24;217
805;Janetta;feminine;24;217
806;Janette;feminine;24;217
807;Janey;feminine;24;217
808;Janez;masculine;70;217
809;Jani;masculine;27;217
810;Jani;masculine;35;217
811;Janice;feminine;24;217
812;Janie;feminine;24;217
813;Janika;masculine;35;217
814;Janika;feminine;27;217
815;Janina;feminine;44;217
816;Janine;feminine;24;217
817;Janis;masculine;45;217
818;Janis;feminine;24;217
819;Jankin;masculine;24;217
820;Janko;masculine;19;217
821;Janko;masculine;67;217
822;Janko;masculine;70;217
823;Janna;feminine;24;217
824;Janna;feminine;36;217
825;Jannah;feminine;24;217
826;Janne;masculine;27;217
827;Janne;masculine;72;217
828;Janne;feminine;21;217
829;Janne;feminine;55;217
830;Janneke;feminine;22;217
831;Jannette;feminine;24;217
832;Jannick;masculine;21;217
833;Jannicke;feminine;21;217
834;Jannik;masculine;72;217
835;Jannike;feminine;72;217
836;Jannike;feminine;30;217
837;Jannine;feminine;24;217
838;János;masculine;35;217
839;Jantine;feminine;22;217
840;Janusz;masculine;58;217
841;Janusz;masculine;58;207
842;Jayna;feminine;24;217
843;Jayne;feminine;24;217
844;Jaynie;feminine;24;217
845;Jean;masculine;28;217
846;Jean;feminine;65;217
847;Jeane;feminine;65;217
848;Jeanetta;feminine;24;217
849;Jeanette;feminine;28;217
850;Jeanie;feminine;65;217
851;Jeanine;feminine;24;217
852;Jeanna;feminine;24;217
853;Jeanne;feminine;28;217
854;Jeannette;feminine;28;217
855;Jeannie;feminine;65;217
856;Jeannine;feminine;28;217
857;Jeannot;masculine;28;217
858;Jehan;masculine;28;217
859;Jehane;feminine;28;217
860;Jehanne;feminine;28;217
861;Jenkin;masculine;24;217
862;Jennet;feminine;65;217
863;Jenni;feminine;27;217
864;Jens;masculine;21;217
865;Jessie;feminine;65;217
866;Jinty;feminine;65;217
867;Jo;feminine;24;217
868;Joan;masculine;11;217
869;Joan;feminine;24;217
870;Joana;feminine;59;217
871;Joandra;feminine;24;217
872;Joanes;masculine;7;217
873;Joann;feminine;24;217
874;Joanna;feminine;44;217
875;Joanne;feminine;24;217
876;Joannes;masculine;44;217
877;João;masculine;59;217
878;Joasia;feminine;58;217
879;Jochjo;masculine;25;217
880;Jock;masculine;65;217
881;Jockie;masculine;65;217
882;Jocky;masculine;65;217
883;Joetta;feminine;24;217
884;Johan;masculine;44;217
885;Johana;feminine;20;217
886;Johanan;masculine;24;217
887;Johann;masculine;30;217
888;Jóhann;masculine;36;217
889;Johanna;feminine;44;217
890;Jóhanna;feminine;36;217
891;Johanne;feminine;21;217
892;Johanne;feminine;55;217
893;Johanne;feminine;28;217
894;Johanneke;feminine;22;217
895;Johannes;masculine;44;217
896;Jóhannes;masculine;36;217
897;Johano;masculine;25;217
898;John;masculine;24;217
899;Johna;feminine;24;217
900;Johnie;masculine;24;217
901;Johnna;feminine;24;217
902;Johnnie;unisex;24;217
903;Johnnie;feminine;24;217
904;Johnny;masculine;24;217
905;Jon;masculine;7;217
906;Jon;masculine;64;217
907;Jón;masculine;36;217
908;Jóna;feminine;36;217
909;Jonas;masculine;46;217
910;Jone;feminine;7;217
911;Jonelle;feminine;24;217
912;Jonette;feminine;24;217
913;Joni;masculine;27;217
914;Joni;feminine;24;217
915;Jonie;feminine;24;217
916;Jonna;feminine;24;217
917;Jonny;masculine;24;217
918;Jouni;masculine;27;217
919;Jovan;masculine;67;217
920;Jovana;feminine;67;217
921;Jovanka;feminine;67;217
922;Jovanni;masculine;41;217
923;Jowan;masculine;17;217
924;Juan;masculine;71;217
925;Juana;feminine;71;217
926;Juanita;feminine;71;217
927;Juanito;masculine;71;217
928;Juha;masculine;27;217
929;Juhan;masculine;26;217
930;Juhana;masculine;27;217
931;Juhani;masculine;27;217
932;Juho;masculine;27;217
933;Jukka;masculine;27;217
934;Lesia;feminine;24;196
935;Libbie;feminine;24;196
936;Libby;feminine;24;196
937;Lies;feminine;30;196
938;Liesa;feminine;30;196
939;Liesbeth;feminine;22;196
940;Liese;feminine;30;196
941;Liesel;feminine;30;196
942;Lieselotte;feminine;30;196
943;Liesje;feminine;22;196
944;Liesl;feminine;30;196
945;Liisa;feminine;27;196
946;Liisi;feminine;27;196
947;Liisu;feminine;26;196
948;Lijsbeth;feminine;22;196
949;Lili;feminine;30;196
950;Lilo;feminine;30;196
951;Lis;feminine;24;196
952;Lisa;feminine;41;196
953;Lisa;feminine;24;196
954;Lisbet;feminine;64;196
955;Lisbeth;feminine;24;196
956;Lise;feminine;21;196
957;Lise;feminine;55;196
958;Lise;masculine;51;210
959;Liselot;feminine;22;196
960;Liselotte;feminine;30;196
961;Lisette;feminine;28;196
962;Liz;feminine;24;196
963;Liza;feminine;62;196
964;Liza;feminine;24;196
965;Lizaveta;feminine;62;196
966;Lizbeth;feminine;24;196
967;Lizette;feminine;24;196
968;Lizzie;feminine;24;196
969;Lizzy;feminine;24;196
970;Lotte;feminine;30;196
971;Lysette;feminine;24;196
972;Miranda;feminine;24;211
973;Ochieng;masculine;48;212
974;Odhiambo;masculine;48;213
975;Ukko;feminine;27;214
976;Yachna;feminine;76;217
977;Yachne;feminine;76;217
978;Yahya;masculine;4;217
979;Yahya;masculine;23;216
980;Yan;masculine;10;217
981;Yana;feminine;10;217
982;Yanick;unisex;9;217
983;Yanko;masculine;10;217
984;Yann;masculine;9;217
985;Yanni;masculine;31;217
986;Yannic;unisex;9;217
987;Yannick;unisex;9;217
988;Yannis;masculine;31;217
989;Yelizaveta;feminine;62;196
990;Yianni;masculine;31;217
991;Yiannis;masculine;31;217
992;Yoan;masculine;10;217
993;Yoana;feminine;10;217
994;Yochana;feminine;33;217
995;Yochanan;masculine;33;217
996;Yohanan;masculine;33;217
997;Yowchanan;masculine;33;217
